{"cameraMode":{"drawMode":0,"name":"Shaded","section":"Shading Mode"},"sceneLighting":true,"audioPlay":false,"sceneViewState":{"m_AlwaysRefresh":false,"showFog":true,"showSkybox":true,"showFlares":true,"showImageEffects":true,"showParticleSystems":true,"showVisualEffectGraphs":true,"m_FxEnabled":true},"in2DMode":false,"pivot":{"x":-1.3203390836715699,"y":-15.82992935180664,"z":7.025053024291992},"rotation":{"x":-0.4008493721485138,"y":0.03789474070072174,"z":-0.016674913465976716,"w":-0.9152396321296692},"size":19.904836654663087,"orthographic":false}