{"cameraMode":{"drawMode":0,"name":"Shaded","section":"Shading Mode"},"sceneLighting":true,"audioPlay":false,"sceneViewState":{"m_AlwaysRefresh":false,"showFog":true,"showSkybox":true,"showFlares":true,"showImageEffects":true,"showParticleSystems":true,"showVisualEffectGraphs":true,"m_FxEnabled":true},"in2DMode":false,"pivot":{"x":1.054249882698059,"y":0.23300625383853913,"z":9.080001831054688},"rotation":{"x":-0.08738873898983002,"y":-0.017746474593877794,"z":0.0015755546046420932,"w":-0.9960720539093018},"size":4.118447303771973,"orthographic":false}