{"cameraMode":{"drawMode":0,"name":"Shaded","section":"Shading Mode"},"sceneLighting":true,"audioPlay":false,"sceneViewState":{"m_AlwaysRefresh":false,"showFog":true,"showSkybox":true,"showFlares":true,"showImageEffects":true,"showParticleSystems":true,"showVisualEffectGraphs":true,"m_FxEnabled":true},"in2DMode":false,"pivot":{"x":-13.358558654785157,"y":2.675577163696289,"z":0.43441152572631838},"rotation":{"x":-0.16566410660743714,"y":0.663555920124054,"z":-0.15422824025154115,"w":-0.7131331562995911},"size":19.959522247314454,"orthographic":false}