{"cameraMode":{"drawMode":0,"name":"Shaded","section":"Shading Mode"},"sceneLighting":true,"audioPlay":false,"sceneViewState":{"m_AlwaysRefresh":false,"showFog":true,"showSkybox":true,"showFlares":true,"showImageEffects":true,"showParticleSystems":true,"showVisualEffectGraphs":true,"m_FxEnabled":true},"in2DMode":false,"pivot":{"x":1.5199999809265137,"y":1.0243810415267945,"z":0.09805507957935333},"rotation":{"x":-0.1430874913930893,"y":-0.8561682105064392,"z":0.37010401487350466,"w":-0.3310857117176056},"size":5.323803901672363,"orthographic":false}