{"cameraMode":{"drawMode":0,"name":"Shaded","section":"Shading Mode"},"sceneLighting":true,"audioPlay":false,"sceneViewState":{"m_AlwaysRefresh":false,"showFog":true,"showSkybox":true,"showFlares":true,"showImageEffects":true,"showParticleSystems":true,"showVisualEffectGraphs":true,"m_FxEnabled":true},"in2DMode":false,"pivot":{"x":1.8323919773101807,"y":0.30321720242500307,"z":1.067754864692688},"rotation":{"x":-0.14365273714065553,"y":-0.8189457654953003,"z":0.23329269886016847,"w":-0.5043399333953857},"size":4.205112457275391,"orthographic":false}